City,Lat,Lng,Max Temp,Humidity,Cloudiness,Wind Speed,Country,Date
hami,42.8,93.45,55.87,20,2,2.98,CN,1677997839
bubaque,11.2833,-15.8333,75.0,68,85,9.95,GW,1677997840
kapaa,22.0752,-159.319,73.72,88,75,13.8,US,1677997840
barrow,71.2906,-156.7887,-18.38,69,20,21.85,US,1677997841
nikolskoye,59.7035,30.7861,28.8,94,100,1.92,RU,1677997841
kodiak,57.79,-152.4072,31.51,59,0,16.11,US,1677997842
baoqing,46.3317,132.2111,38.28,84,35,9.35,CN,1677997842
gwadar,25.1216,62.3254,80.22,48,0,6.69,PK,1677997843
cape town,-33.9258,18.4232,66.88,92,75,8.05,ZA,1677997628
colares,38.7992,-9.4469,55.89,92,100,17.0,PT,1677997844
rikitea,-23.1203,-134.9692,79.12,70,100,14.18,PF,1677997844
punta arenas,-53.15,-70.9167,35.71,87,0,3.44,CL,1677997844
jijiga,9.35,42.8,73.13,36,12,7.52,ET,1677997845
ribeira grande,38.5167,-28.7,58.77,77,100,15.01,PT,1677997845
lebu,-37.6167,-73.65,55.71,76,0,15.21,CL,1677997846
kavieng,-2.5744,150.7967,79.25,81,100,7.72,PG,1677997846
albany,42.6001,-73.9662,33.17,84,95,8.03,US,1677997219
victoria,22.2855,114.1577,75.25,42,0,1.99,HK,1677997584
port-cartier,50.0334,-66.8654,17.28,92,71,6.29,CA,1677997637
thompson,55.7435,-97.8558,8.76,85,100,5.75,CA,1677997848
smithers,54.7804,-127.1743,23.32,54,40,16.11,CA,1677997848
upernavik,72.7868,-56.1549,20.39,78,100,6.87,GL,1677997849
ponta do sol,32.6667,-17.1,65.01,81,88,3.67,PT,1677997849
vaini,-21.2,-175.2,78.96,89,75,13.8,TO,1677997850
hobart,-42.8794,147.3294,85.86,25,0,10.36,AU,1677997850
cocobeach,1.0002,9.5823,81.86,80,99,2.95,GA,1677997851
zambezi,-13.5432,23.1047,71.04,85,100,5.64,ZM,1677997851
faanui,-16.4833,-151.75,82.24,76,97,12.5,PF,1677997852
east london,-33.0153,27.9116,77.94,73,0,5.75,ZA,1677997852
chuy,-33.6971,-53.4616,69.51,88,59,6.04,UY,1677997853
bethel,41.3712,-73.414,37.76,87,100,0.0,US,1677997611
busselton,-33.65,115.3333,76.03,41,0,13.04,AU,1677997853
saint-philippe,-21.3585,55.7679,82.11,91,100,8.77,RE,1677997854
mar del plata,-38.0023,-57.5575,67.08,88,20,5.75,AR,1677997804
kirovskiy,45.0917,133.5136,37.31,89,17,3.78,RU,1677997854
morondava,-20.2833,44.2833,80.2,87,99,26.22,MG,1677997855
ushuaia,-54.8,-68.3,35.26,80,0,5.75,AR,1677997855
booue,-0.0921,11.9385,78.98,83,90,3.0,GA,1677997856
coquimbo,-29.9533,-71.3436,62.33,94,100,5.75,CL,1677997856
yakima,46.4665,-120.6678,33.24,84,0,4.61,US,1677997857
pevek,69.7008,170.3133,-26.07,96,88,2.53,RU,1677997857
walvis bay,-22.9575,14.5053,61.09,77,0,1.14,NA,1677997858
bluff,-46.6,168.3333,51.8,64,4,15.14,NZ,1677997858
vestmanna,62.1564,-7.1664,32.92,86,100,0.0,FO,1677997858
ust-nera,64.5667,143.2,-14.6,99,79,4.05,RU,1677997859
puerto ayora,-0.7393,-90.3518,77.56,90,21,1.01,EC,1677997859
sao filipe,14.8961,-24.4956,70.95,71,76,9.84,CV,1677997860
tasiilaq,65.6145,-37.6368,26.76,95,79,15.95,GL,1677997860
barra do garcas,-15.89,-52.2567,71.65,93,100,2.06,BR,1677997861
lagos,6.5833,3.75,77.32,84,100,1.99,NG,1677997861
mataura,-46.1927,168.8643,51.48,66,24,5.55,NZ,1677997862
qaanaaq,77.484,-69.3632,16.7,53,100,9.31,GL,1677997863
avarua,-21.2078,-159.775,84.25,79,20,18.41,CK,1677997863
vaitape,-16.5167,-151.75,82.31,75,100,12.5,PF,1677997864
atuona,-9.8,-139.0333,80.11,80,8,13.0,PF,1677997865
vao,-22.6667,167.4833,76.48,70,75,16.44,NC,1677997865
tottori,35.5,134.2333,50.07,53,20,10.36,JP,1677997866
cherskiy,68.75,161.3,-22.0,93,99,4.5,RU,1677997866
hithadhoo,-0.6,73.0833,82.26,72,0,6.06,MV,1677997867
kamiiso,41.8167,140.65,44.98,45,20,14.97,JP,1677997868
ulladulla,-35.35,150.4667,79.93,59,4,15.05,AU,1677997868
hirado,33.3597,129.5531,52.54,59,4,17.56,JP,1677997869
vila velha,-20.3297,-40.2925,75.15,88,20,3.44,BR,1677997708
qaqortoq,60.7167,-46.0333,30.34,76,100,8.14,GL,1677997870
ostrovnoy,68.0531,39.5131,11.34,85,100,8.25,RU,1677997870
lorengau,-2.0226,147.2712,81.97,76,100,8.3,PG,1677997871
brae,60.3964,-1.353,35.29,64,98,13.33,GB,1677997871
lompoc,34.6391,-120.4579,49.59,89,100,6.91,US,1677997872
yellowknife,62.456,-114.3525,-13.45,76,20,10.36,CA,1677997872
lalsot,26.5667,76.3333,87.64,23,0,7.09,IN,1677997873
nanortalik,60.1432,-45.2371,34.11,83,100,8.7,GL,1677997874
khatanga,71.9667,102.5,-7.24,96,100,8.57,RU,1677997874
erzin,36.9559,36.2,63.82,45,100,0.94,TR,1677997876
mariental,-24.6333,17.9667,67.57,41,0,8.37,NA,1677997876
namibe,-15.1961,12.1522,70.07,70,6,2.46,AO,1677997877
chokurdakh,70.6333,147.9167,-36.11,95,19,5.64,RU,1677997877
elizabeth city,36.2946,-76.2511,52.02,58,0,16.11,US,1677997878
inhambane,-23.865,35.3833,82.38,83,40,14.41,MZ,1677997879
henties bay,-22.116,14.2845,65.1,76,0,7.7,NA,1677997879
te anau,-45.4167,167.7167,56.01,57,0,3.42,NZ,1677997880
zaraza,9.3503,-65.3245,75.81,67,100,6.22,VE,1677997880
aksu,41.1231,80.2644,57.02,24,28,2.77,CN,1677997881
arraial do cabo,-22.9661,-42.0278,74.48,89,100,17.4,BR,1677997882
dimbokro,6.6451,-4.7048,75.65,91,86,1.32,CI,1677997882
geraldton,-28.7667,114.6,82.81,47,0,21.85,AU,1677997883
ust-kut,56.7938,105.7672,19.54,81,100,11.7,RU,1677997884
port keats,-14.25,129.55,88.3,60,7,8.05,AU,1677997884
cabo san lucas,22.8909,-109.9124,60.62,67,0,10.13,MX,1677997885
torbay,47.6666,-52.7314,15.28,82,20,16.11,CA,1677997885
lavrentiya,65.5833,-171.0,28.69,97,100,26.64,RU,1677997886
fortuna,40.5982,-124.1573,40.35,95,100,19.57,US,1677997887
labuhan,-6.8844,112.2051,83.66,74,41,10.58,ID,1677997888
pontianak,-0.0333,109.3333,78.78,94,75,9.22,ID,1677997889
rudnya,54.947,31.0934,27.21,93,100,14.03,RU,1677997889
oktyabrskoye,43.0645,44.7417,37.54,86,100,2.24,RU,1677997890
gasa,31.5,34.4667,82.89,32,15,13.67,PS,1677997891
burnie,-41.0667,145.9167,71.94,60,100,11.25,AU,1677997891
jamestown,42.097,-79.2353,36.72,100,100,5.75,US,1677997892
olga,43.7444,135.2892,38.52,83,1,4.68,RU,1677997893
high level,58.5169,-117.136,-7.49,77,0,8.05,CA,1677997893
yara,20.2753,-76.9533,71.15,86,3,1.79,CU,1677997894
borzoy,42.8415,45.6275,48.65,56,100,0.65,RU,1677997894
muros,42.7762,-9.0603,39.83,91,89,6.35,ES,1677997895
wattegama,6.7989,81.4808,86.4,58,71,10.31,LK,1677997895
saskylakh,71.9167,114.0833,-9.58,96,100,7.07,RU,1677997896
veraval,20.9,70.3667,88.47,35,45,5.08,IN,1677997897
redmond,47.674,-122.1215,40.06,88,100,1.01,US,1677997635
mahebourg,-20.4081,57.7,80.89,83,75,3.44,MU,1677997898
hermanus,-34.4187,19.2345,64.8,85,98,6.17,ZA,1677997898
sept-iles,50.2001,-66.3821,17.6,40,20,10.36,CA,1677997899
russell,32.3502,-85.1999,57.0,87,0,0.0,US,1677997652
lagoa,39.05,-27.9833,56.84,74,100,29.39,PT,1677997900
saint anthony,45.0205,-93.218,24.73,86,0,1.99,US,1677997900
dolores,-36.3132,-57.6792,60.73,95,19,6.15,AR,1677997901
iqaluit,63.7506,-68.5145,24.53,85,100,8.05,CA,1677997809
hurghada,27.2574,33.8129,73.44,21,0,0.0,EG,1677997725
banja koviljaca,44.5144,19.1583,33.12,70,100,2.59,BA,1677997902
narsaq,60.9167,-46.05,48.42,71,93,8.95,GL,1677997903
olafsvik,64.8945,-23.7142,39.58,85,100,1.97,IS,1677997903
yelizovo,53.1873,158.3805,17.74,48,0,8.99,RU,1677997904
leningradskiy,69.3833,178.4167,-13.88,94,100,2.82,RU,1677997757
batagay-alyta,67.8006,130.4114,-4.72,94,100,1.61,RU,1677997905
new norfolk,-42.7826,147.0587,85.5,20,62,8.01,AU,1677997905
comandau,45.7667,26.2667,31.32,75,94,4.81,RO,1677997906
hasaki,35.7333,140.8333,55.29,64,100,14.34,JP,1677997906
marovoay,-16.1,46.6333,82.11,82,99,7.63,MG,1677997907
vallenar,-28.5708,-70.7581,68.34,71,100,2.8,CL,1677997907
terney,45.0503,136.6092,43.07,60,1,8.01,RU,1677997907
awbari,26.5921,12.7805,55.0,15,0,7.14,LY,1677997908
ushtobe,45.2514,77.9838,55.62,50,100,2.33,KZ,1677997908
arlit,18.7369,7.3853,80.46,9,48,7.54,NE,1677997909
byron bay,-28.65,153.6167,81.95,61,35,8.19,AU,1677997768
isangel,-19.55,169.2667,79.2,85,17,11.3,VU,1677997910
severo-kurilsk,50.6789,156.125,24.76,64,94,14.97,RU,1677997910
dharchula,29.85,80.5333,76.86,17,36,8.08,IN,1677997910
vardo,70.3705,31.1107,24.78,68,75,21.85,NO,1677997911
alofi,-19.0595,-169.9187,80.49,89,100,6.91,NU,1677997912
uvira,-3.4067,29.1458,79.14,66,94,5.14,CD,1677997912
asau,46.4333,26.4,29.32,83,100,2.35,RO,1677997912
lumsden,50.6501,-104.8678,13.15,100,96,4.36,CA,1677997913
roebourne,-20.7833,117.1333,95.45,48,48,17.94,AU,1677997913
esperance,-33.8667,121.9,67.84,54,53,14.36,AU,1677997914
amapa,1.0,-52.0,70.41,99,95,2.1,BR,1677997747
longyearbyen,78.2186,15.6401,-2.36,60,75,13.8,SJ,1677997914
takoradi,4.8845,-1.7554,79.07,83,42,3.91,GH,1677997915
antofagasta,-23.65,-70.4,67.28,85,90,1.95,CL,1677997915
schoningen,52.138,10.9675,35.46,92,100,14.54,DE,1677997916
buxar,25.5833,83.9833,96.03,12,2,15.75,IN,1677997916
klaksvik,62.2266,-6.589,34.72,71,100,4.5,FO,1677997917
castro,-24.7911,-50.0119,62.4,98,17,4.9,BR,1677997917
holstebro,56.3601,8.6161,30.0,55,14,7.94,DK,1677997917
pisco,-13.7,-76.2167,71.65,83,100,4.61,PE,1677997918
ilinskoye-khovanskoye,56.9718,39.7684,25.3,94,100,8.55,RU,1677997918
abrau-dyurso,44.69,37.59,47.66,87,63,18.01,RU,1677997919
butaritari,3.0707,172.7902,80.55,78,100,3.38,KI,1677997919
xining,36.6167,101.7667,49.96,16,100,5.06,CN,1677997920
taoudenni,22.6783,-3.9836,69.51,20,61,9.69,ML,1677997921
winnemucca,40.973,-117.7357,30.25,55,0,16.11,US,1677997921
bredasdorp,-34.5322,20.0403,67.42,91,100,8.77,ZA,1677997922
port alfred,-33.5906,26.891,70.18,97,31,1.01,ZA,1677997783
hovd,48.0056,91.6419,42.76,22,17,2.75,MN,1677997922
vestmannaeyjar,63.4427,-20.2734,37.4,85,42,18.25,IS,1677997923
quzhou,28.9594,118.8686,70.54,26,0,0.43,CN,1677997924
daru,-9.0763,143.2092,82.54,80,100,11.45,PG,1677997924
iwanai,42.9744,140.5089,39.04,69,6,9.89,JP,1677997925
yantarnyy,54.8717,19.9381,31.86,56,98,20.33,RU,1677997925
pingxiang,27.6167,113.85,75.33,23,47,0.36,CN,1677997926
la ronge,55.1001,-105.2842,-7.35,71,0,6.91,CA,1677997927
bengkulu,-3.8004,102.2655,83.23,67,49,8.1,ID,1677997927
saldanha,-33.0117,17.9442,60.85,82,43,12.17,ZA,1677997928
cordoba,-31.4135,-64.1811,74.75,73,0,5.75,AR,1677997657
tuatapere,-46.1333,167.6833,53.78,71,4,7.4,NZ,1677997928
matay,28.419,30.7792,81.55,11,58,12.57,EG,1677997929
kloulklubed,7.0419,134.2556,84.7,71,73,10.13,PW,1677997630
tuktoyaktuk,69.4541,-133.0374,-32.8,68,0,4.61,CA,1677997930
cidreira,-30.1811,-50.2056,71.69,94,100,8.12,BR,1677997653
northam,51.0333,-4.2167,39.61,75,100,3.27,GB,1677997931
sabang,5.8933,95.3214,82.18,71,100,23.64,ID,1677997931
alvorada,-12.48,-49.1247,69.98,93,6,2.33,BR,1677997932
fairbanks,64.8378,-147.7164,1.81,73,75,5.75,US,1677997800
magadan,59.5667,150.8,1.53,93,100,7.16,RU,1677997933
sharjah,25.3573,55.4033,78.78,53,0,2.3,AE,1677997930
warmbad,-28.45,18.7333,63.64,64,0,14.34,NA,1677997934
los llanos de aridane,28.6585,-17.9182,58.75,84,0,8.01,ES,1677997934
avera,33.194,-82.5271,54.91,65,0,6.4,US,1677997935
paracuru,-3.41,-39.0306,81.1,89,99,8.01,BR,1677997880
katsuura,35.1333,140.3,52.84,69,100,16.22,JP,1677997936
cacador,-26.7753,-51.015,63.07,99,95,1.57,BR,1677997936
bambous virieux,-20.3428,57.7575,80.85,83,75,3.44,MU,1677997937
tateyama,34.9833,139.8667,54.1,74,100,15.59,JP,1677997937
panzhihua,26.5851,101.7128,79.52,22,1,2.89,CN,1677997938
san quintin,30.4833,-115.95,53.08,78,66,11.77,MX,1677997938
mount isa,-20.7333,139.5,85.77,58,40,11.5,AU,1677997872
nisia floresta,-6.0911,-35.2086,76.01,86,69,6.11,BR,1677997939
beringovskiy,63.05,179.3167,0.25,96,100,15.37,RU,1677997940
lac du bonnet,50.2536,-96.0612,7.32,100,94,2.8,CA,1677997940
lasa,46.6166,10.7002,34.07,62,97,4.23,IT,1677997941
hofn,64.2539,-15.2082,38.57,77,100,11.65,IS,1677997941
tabas,33.5959,56.9244,70.02,19,0,2.3,IR,1677997942
norman wells,65.282,-126.8329,-18.36,76,0,8.05,CA,1677997942
clyde river,70.4692,-68.5914,3.43,55,100,9.22,CA,1677997943
alta gracia,-31.6529,-64.4283,72.88,56,0,4.81,AR,1677997946
arys,42.4252,68.795,65.43,40,100,17.4,KZ,1677997946
talnakh,69.4865,88.3972,-14.8,93,100,7.25,RU,1677997947
igarka,67.4667,86.5833,-6.86,92,100,8.05,RU,1677997948
moree,-29.4667,149.85,89.87,24,0,4.81,AU,1677997948
naze,28.3667,129.4833,61.72,52,3,11.45,JP,1677997948
hamilton,39.1834,-84.5333,45.43,72,0,3.44,US,1677997913
north bend,43.4065,-124.2243,37.31,95,40,6.91,US,1677997949
saint-francois,46.4154,3.9054,18.84,93,75,2.3,FR,1677997949
bull savanna,17.8868,-77.5902,70.25,79,8,7.67,JM,1677997950
mandera,3.9366,41.867,87.62,35,61,13.62,KE,1677997951
dikson,73.5069,80.5464,-13.25,93,100,6.4,RU,1677997951
iskele,39.484,26.9278,50.09,87,75,9.22,TR,1677997952
kruisfontein,-34.0033,24.7314,70.93,86,97,4.16,ZA,1677997952
izumo,35.3667,132.7667,49.95,50,20,11.5,JP,1677997953
kabalo,-6.05,26.9167,78.75,76,79,4.76,CD,1677997954
carnarvon,-24.8667,113.6333,85.35,51,0,21.85,AU,1677997954
falmouth,50.1544,-5.0711,38.3,75,100,1.14,GB,1677997955
vredendal,-31.6683,18.5012,67.12,74,87,9.82,ZA,1677997955
morehead,37.2711,-87.1764,40.98,100,0,0.0,US,1677997956
rabo de peixe,37.8,-25.5833,56.71,88,75,20.71,PT,1677997956
palmer,42.1584,-72.3287,34.5,97,100,0.0,US,1677997663
port elizabeth,-33.918,25.5701,71.31,99,88,1.99,ZA,1677997957
dunedin,-45.8742,170.5036,56.8,62,99,3.0,NZ,1677997957
sioux lookout,50.1001,-91.917,15.87,92,0,3.44,CA,1677997957
nouakchott,18.0858,-15.9785,67.93,38,47,12.44,MR,1677997768
kombissiri,12.0656,-1.3375,76.98,14,5,4.45,BF,1677997958
chimbarongo,-34.7,-71.05,63.48,29,0,3.15,CL,1677997759
coihueco,-36.6167,-71.8333,57.94,33,0,6.91,CL,1677997959
port lincoln,-34.7333,135.8667,68.54,66,4,21.59,AU,1677997959
christchurch,-43.5333,172.6333,54.91,89,75,9.22,NZ,1677997807
kahului,20.8947,-156.47,71.83,87,100,9.22,US,1677997960
kungurtug,50.5994,97.5228,27.73,70,61,1.68,RU,1677997960
georgetown,5.4112,100.3354,93.15,46,20,12.66,MY,1677997707
yumen,40.2833,97.2,53.29,20,46,16.26,CN,1677997961
hilo,19.7297,-155.09,71.33,93,40,4.61,US,1677997935
herat,34.5,62.0,68.25,30,100,14.2,AF,1677997962
orlik,52.5178,99.825,18.66,57,82,14.88,RU,1677997962
egvekinot,66.3167,-179.1667,4.39,96,100,13.89,RU,1677997963
selcuk,37.9514,27.3685,53.74,93,100,3.74,TR,1677997963
jacareacanga,-6.2222,-57.7528,72.75,99,94,1.19,BR,1677997963
deputatskiy,69.3,139.9,-17.99,98,100,2.75,RU,1677997964
ledyard,41.4398,-72.0142,36.52,81,100,3.44,US,1677997840
kulhudhuffushi,6.6221,73.07,79.79,80,58,12.57,MV,1677997965
clarence town,-32.5833,151.7833,84.61,44,0,7.9,AU,1677997966
grindavik,63.8424,-22.4338,39.67,100,40,6.91,IS,1677997966
xiuyan,40.2928,123.2744,53.28,42,0,12.57,CN,1677997966
miri,4.4148,114.0089,82.54,83,40,8.05,MY,1677997969
iquitos,-3.7481,-73.2472,75.24,94,100,2.3,PE,1677997969
ordynskoye,54.3656,81.8994,24.93,80,100,9.71,RU,1677997970
korla,41.7597,86.1469,53.46,35,3,7.99,CN,1677997970
port blair,11.6667,92.75,86.04,66,40,6.91,IN,1677997971
hobyo,5.3505,48.5268,83.5,62,16,18.86,SO,1677997971
urupes,-21.2017,-49.29,70.93,88,78,3.0,BR,1677997679
kaitangata,-46.2817,169.8464,53.01,64,86,5.06,NZ,1677997972
manzil salim,35.8567,8.4765,39.63,77,5,5.28,TN,1677997972
gari,59.4307,62.3497,26.37,92,100,3.69,RU,1677997973
andenes,69.3143,16.1194,27.93,80,100,26.46,NO,1677997973
provideniya,64.3833,-173.3,32.63,98,100,16.64,RU,1677997974
moron,-34.6534,-58.6198,75.96,80,21,6.82,AR,1677997974
sung noen,14.8992,101.8207,88.66,28,0,12.66,TH,1677997974
yuzhno-kurilsk,44.0306,145.8556,33.19,80,5,9.86,RU,1677997975
port hardy,50.6996,-127.4199,42.8,70,100,16.11,CA,1677997833
krasnoselkup,65.7,82.4667,-2.42,92,99,8.66,RU,1677997975
yoichi,43.2039,140.7703,39.7,66,3,10.29,JP,1677997976
half moon bay,37.4636,-122.4286,49.24,80,20,12.66,US,1677997976
dryden,49.7833,-92.7503,25.09,68,0,5.75,CA,1677997977
laichingen,48.4894,9.6861,32.2,96,100,3.62,DE,1677997755
ilulissat,69.2167,-51.1,24.82,80,89,6.91,GL,1677997977
gat,31.61,34.7642,81.79,24,12,12.26,IL,1677997978
chara,56.9064,118.2631,19.38,56,100,5.68,RU,1677997933
atherton,53.5237,-2.4935,37.89,80,100,1.01,GB,1677997978
kailua,21.4022,-157.7394,73.38,89,50,1.99,US,1677997979
sola,-13.8833,167.55,81.0,81,100,18.9,VU,1677997979
micheweni,-4.9667,39.8333,82.9,67,89,13.44,TZ,1677997979
pacific grove,36.6177,-121.9166,48.42,88,75,4.61,US,1677997980
seminole,28.7086,-81.2081,75.56,85,0,4.61,US,1677997980
khuzhir,53.1939,107.3397,26.37,56,100,11.05,RU,1677997981
tiksi,71.6872,128.8694,0.41,98,100,3.04,RU,1677997981
ayan,56.45,138.1667,8.38,90,100,5.95,RU,1677997982
lima,-12.0432,-77.0282,70.05,83,0,9.22,PE,1677997821
boguchany,58.3814,97.4531,16.68,76,100,10.54,RU,1677997983
bondo,3.8146,23.6866,81.27,49,100,3.13,CD,1677997983
grahamstown,-33.3042,26.5328,74.68,65,27,0.96,ZA,1677997984
primorsk,46.7348,36.3443,42.46,81,100,13.51,UA,1677997984
east wenatchee bench,47.4257,-120.2812,36.68,94,100,5.75,US,1677997985
yangambi,0.8102,24.4336,81.79,60,100,3.09,CD,1677997986
airai,-8.9266,125.4092,66.67,79,100,3.24,TL,1677997987
pimentel,-6.8367,-79.9342,77.29,69,0,6.91,PE,1677997987
port hedland,-20.3167,118.5667,95.05,52,13,21.85,AU,1677997988
constitucion,-35.3333,-72.4167,60.82,45,0,7.83,CL,1677997989
chinsali,-10.5414,32.0816,66.11,94,100,2.64,ZM,1677997989
sur,22.5667,59.5289,84.11,41,3,2.66,OM,1677997990
haines junction,60.7522,-137.5108,1.35,60,47,5.75,CA,1677997991
sibolga,1.7427,98.7792,81.37,81,92,3.71,ID,1677997991
luderitz,-26.6481,15.1594,64.62,80,97,7.31,NA,1677997992
pundaguitan,6.3711,126.1689,80.38,76,100,4.83,PH,1677997993
solton,52.8429,86.4787,29.88,72,100,6.08,RU,1677997993
baghdad,33.3406,44.4009,66.11,55,27,5.75,IQ,1677997944
awash,8.9833,40.1667,82.33,33,69,8.88,ET,1677997994
dingle,10.9995,122.6711,80.47,74,83,15.37,PH,1677997995
same,-4.0667,37.7333,82.08,40,9,6.85,TZ,1677997995
paamiut,61.994,-49.6678,30.94,72,100,8.77,GL,1677997996
tura,25.5198,90.2201,89.78,25,3,7.16,IN,1677997997
kayerkan,69.3497,87.7602,-15.48,75,100,7.07,RU,1677997997
sitka,57.0531,-135.33,31.89,43,20,6.91,US,1677997998
zhigansk,66.7697,123.3711,4.51,92,100,11.23,RU,1677997998
svetlogorsk,52.6333,29.7333,30.0,74,100,16.96,BY,1677997999
ashland,40.8167,-82.2665,39.11,89,99,7.36,US,1677997913
souillac,-20.5167,57.5167,80.98,83,75,3.44,MU,1677998000
oussouye,12.485,-16.5469,69.89,80,6,4.83,SN,1677998000
broome,42.2506,-75.833,33.57,89,100,3.44,US,1677998001
altay,47.8667,88.1167,33.64,86,44,2.17,CN,1677998001
salalah,17.0151,54.0924,84.29,51,0,2.3,OM,1677998002
hualmay,-11.0964,-77.6139,72.91,82,100,4.14,PE,1677998002
dera ghazi khan,30.0561,70.6348,83.62,29,0,2.89,PK,1677998003
broken hill,-31.95,141.4333,95.31,12,2,16.26,AU,1677998003
oliveira dos brejinhos,-12.3169,-42.8961,71.53,71,55,2.62,BR,1677998004
piacabucu,-10.4056,-36.4344,77.38,78,3,6.53,BR,1677998004
ngerengere,-6.75,38.1167,85.33,52,71,7.72,TZ,1677998005
abeokuta,7.15,3.35,79.68,82,83,5.01,NG,1677998005
quelimane,-17.8786,36.8883,80.55,89,40,8.05,MZ,1677998006
medyn,54.9692,35.8586,21.16,93,99,9.95,RU,1677998007
marsh harbour,26.5412,-77.0636,77.59,74,83,6.85,BS,1677998007
codrington,-38.2667,141.9667,75.88,47,100,15.79,AU,1677998008
tezu,27.9167,96.1667,90.55,19,19,4.59,IN,1677998008
maragogi,-9.0122,-35.2225,77.76,84,52,7.9,BR,1677998009
sinnamary,5.3833,-52.95,76.44,89,91,12.1,GF,1677998010
sayat,38.7839,63.8803,69.67,28,100,10.98,TM,1677998010
vila do maio,15.1333,-23.2167,70.59,79,17,16.11,CV,1677998011
tilichiki,60.4667,166.1,-24.39,95,12,4.9,RU,1677997996
katherine,-14.4667,132.2667,93.52,43,40,14.97,AU,1677998011
puerto leguizamo,-0.1934,-74.7819,72.79,100,100,1.21,CO,1677998013
corinth,37.9407,22.9573,53.89,66,89,5.19,GR,1677998014
asfi,32.2994,-9.2372,54.34,64,90,8.23,MA,1677998016
mlonggo,-6.5333,110.7,81.25,83,100,13.85,ID,1677998017
colac,-38.3333,143.5833,67.17,58,100,2.24,AU,1677998017
hervey bay,-25.2986,152.8535,81.01,63,0,15.86,AU,1677997982
paulo afonso,-9.4061,-38.2147,69.94,94,3,4.65,BR,1677998018
robertsport,6.7533,-11.3686,79.0,85,1,1.9,LR,1677998018
road town,18.4167,-64.6167,75.29,72,0,15.75,VG,1677997912
sao gabriel da cachoeira,-0.1303,-67.0892,72.55,98,100,1.68,BR,1677998019
cape canaveral,28.4058,-80.6048,73.98,80,0,8.05,US,1677998020
charters towers,-20.1,146.2667,81.88,56,100,14.56,AU,1677998020
adrar,20.5022,-10.0711,63.88,32,92,9.19,MR,1677998021
khandbari,27.3747,87.2039,80.49,28,18,5.57,NP,1677998021
pavlogradka,54.2024,73.5592,22.71,87,100,11.1,RU,1677998021
raudeberg,61.9875,5.1352,30.87,78,100,18.19,NO,1677998022
am timan,11.0297,20.2827,86.74,9,0,11.77,TD,1677998022
ewa beach,21.3156,-158.0072,73.35,77,20,8.05,US,1677998023
itagi,-14.1628,-40.0061,70.16,94,80,0.78,BR,1677998023
cap malheureux,-19.9842,57.6142,80.47,76,100,3.0,MU,1677998023
wewak,-3.5534,143.6268,81.75,83,100,17.05,PG,1677998024
gazojak,41.1875,61.4036,59.32,48,100,12.48,TM,1677998024
pangnirtung,66.1451,-65.7125,28.58,79,100,10.22,CA,1677998025
tigil,57.8,158.6667,10.63,79,100,12.24,RU,1677998026
seymchan,62.8833,152.4333,-16.19,96,100,0.81,RU,1677998026
padang,-0.9492,100.3543,86.05,73,99,5.88,ID,1677998026
mount gambier,-37.8333,140.7667,69.98,62,97,14.88,AU,1677998027
sakaiminato,35.55,133.2333,49.98,53,20,12.66,JP,1677998027
lazaro cardenas,17.9583,-102.2,70.14,88,100,4.03,MX,1677998028
san felipe,10.3399,-68.7425,71.64,95,100,2.8,VE,1677998028
auki,-8.7676,160.7034,79.74,82,100,11.1,SB,1677998029
lahuachaca,-17.3667,-67.6667,46.2,78,95,6.15,BO,1677998029
guerrero negro,27.9769,-114.0611,55.71,79,0,12.28,MX,1677998030
sayyan,15.1718,44.3244,62.22,31,0,11.45,YE,1677998030
yambio,4.5721,28.3955,91.18,33,15,1.59,SS,1677998030
claremore,36.3126,-95.6161,53.4,75,100,8.05,US,1677998031
presidencia roque saenz pena,-26.7852,-60.4388,72.21,77,0,4.74,AR,1677998031
emerald,-23.5333,148.1667,90.34,35,0,5.84,AU,1677997743
bonavista,48.6499,-53.1147,12.92,91,96,14.79,CA,1677998032
kaoma,-14.7833,24.8,72.01,83,100,5.37,ZM,1677998032
sao domingos do maranhao,-5.5758,-44.3853,71.42,97,98,1.39,BR,1677998033
buraydah,26.326,43.975,70.25,20,63,7.78,SA,1677997744
atikokan,48.7555,-91.6216,10.54,99,81,2.82,CA,1677998034
kinsale,51.7075,-8.5306,36.77,75,75,8.05,IE,1677998034
hidalgo,20.5,-99.0,53.06,55,100,1.66,MX,1677998035
san cristobal,7.7669,-72.225,76.53,90,42,1.95,VE,1677997859
khasan,42.4308,130.6434,41.43,66,0,8.75,RU,1677998035
ketchikan,55.3422,-131.6461,37.38,83,20,7.45,US,1677998036
ukiah,39.1502,-123.2078,42.03,89,100,10.36,US,1677997803
great falls,47.5002,-111.3008,26.42,82,0,12.66,US,1677998036
saint-georges,12.0564,-61.7485,78.48,78,20,28.77,GD,1677998038
gusau,12.1628,6.6614,78.21,16,0,6.29,NG,1677997758
laguna,38.421,-121.4238,46.45,75,100,10.36,US,1677997971
novikovo,51.1537,37.8879,28.99,75,8,17.34,RU,1677998039
tromso,69.6496,18.957,23.38,74,75,14.97,NO,1677998039
guiratinga,-16.3494,-53.7583,71.31,85,64,2.1,BR,1677998040
nemuro,43.3236,145.575,32.2,78,1,12.06,JP,1677998040
honningsvag,70.9821,25.9704,22.75,80,20,12.66,NO,1677998041
gualeguay,-33.1416,-59.3097,71.04,75,0,5.93,AR,1677998041
salta,-24.7859,-65.4117,64.99,90,40,4.61,AR,1677998042
uvarovo,51.9849,42.2615,30.65,85,100,18.48,RU,1677998043
huarmey,-10.0681,-78.1522,74.16,80,100,3.36,PE,1677998043
belmonte,-15.8631,-38.8828,74.7,88,92,0.78,BR,1677998044
pemangkat,1.1667,108.9667,74.35,95,100,5.17,ID,1677998044
bandipur,27.9333,84.4167,82.45,17,0,5.55,NP,1677998045
seoul,37.5683,126.9778,60.4,29,0,11.5,KR,1677998039
sorland,67.667,12.6934,31.86,57,100,28.36,NO,1677998046
troitskoye,52.9821,84.6757,27.63,81,100,7.87,RU,1677998046
casa grande,32.8795,-111.7573,51.82,93,75,6.91,US,1677998047
hay river,60.8156,-115.7999,-13.02,77,40,10.36,CA,1677998047
poronaysk,49.2167,143.1167,37.06,76,87,11.43,RU,1677998048
plettenberg bay,-34.0527,23.3716,69.89,87,20,0.96,ZA,1677998049
muncar,-8.4333,114.3333,84.87,71,100,13.33,ID,1677998050
yar-sale,66.8333,70.8333,-13.25,97,45,4.79,RU,1677998050
evensk,61.95,159.2333,-14.8,98,100,5.91,RU,1677998051
nsanje,-16.92,35.262,83.53,69,99,1.39,MW,1677998051
muisne,0.6,-80.0333,75.7,91,100,3.27,EC,1677998052
fare,-16.7,-151.0167,82.02,75,20,12.88,PF,1677998053
gombong,-7.6072,109.5142,85.82,65,80,8.75,ID,1677998054
arrifes,37.7667,-25.7,55.65,88,75,20.71,PT,1677998054
pochutla,15.7432,-96.4661,73.81,72,5,3.69,MX,1677998055
port moresby,-9.4431,147.1797,90.82,55,40,17.27,PG,1677998056
bara,10.3744,10.7288,85.35,13,100,4.05,NG,1677998056
quatre cocos,-20.2078,57.7625,80.71,91,100,12.3,MU,1677998057
kerkrade,50.8658,6.0625,37.9,90,100,1.01,NL,1677998058
abay,49.6311,72.8539,28.78,97,100,7.4,KZ,1677998058
kargopol,61.5071,38.9456,10.4,93,78,6.73,RU,1677998059
alta floresta,-9.8756,-56.0861,70.68,97,13,1.05,BR,1677998060
urcos,-13.6861,-71.6228,48.56,92,95,3.49,PE,1677998062
yulara,-25.2406,130.9889,101.28,9,0,5.1,AU,1677998062
ancud,-41.8697,-73.8203,56.66,94,100,8.66,CL,1677998063
elk city,35.412,-99.4043,39.42,87,0,4.61,US,1677998063
viedma,-40.8135,-62.9967,64.81,49,0,13.71,AR,1677998064
rio gallegos,-51.6226,-69.2181,42.85,75,0,2.3,AR,1677998065
yairipok,24.6667,94.0667,82.26,16,0,1.95,IN,1677998071
shakhtinsk,49.71,72.5872,29.28,97,100,7.4,KZ,1677998071
nurota,40.5614,65.6886,68.07,32,100,27.56,UZ,1677998072
havelock,34.8791,-76.9013,57.18,61,0,3.0,US,1677998073
kijang,35.2442,129.2139,60.53,53,16,6.64,KR,1677998073
pryazha,61.6926,33.6216,18.63,93,100,6.26,RU,1677998074
san patricio,28.017,-97.5169,66.83,85,5,7.38,US,1677998075
komyshnya,50.1859,33.684,30.13,58,8,18.9,UA,1677998075
waitara,-38.925,174.25,63.0,74,0,14.07,NZ,1677998075
san policarpo,12.1791,125.5072,78.3,86,60,12.64,PH,1677998076
santa ines,-3.6667,-45.38,73.29,97,100,1.19,BR,1677998077
port hawkesbury,45.6169,-61.3485,22.59,86,100,15.01,CA,1677998077
mandalgovi,45.7625,106.2708,45.45,15,100,8.66,MN,1677998078
mongar,27.2747,91.2396,63.1,49,97,4.59,BT,1677998078
iracoubo,5.4802,-53.2011,76.24,89,99,11.74,GF,1677998079
saint-augustin,51.226,-58.6502,18.91,92,100,15.7,CA,1677998079
namatanai,-3.6667,152.4333,78.06,84,100,9.84,PG,1677998080
dong hoi,17.4833,106.6,70.18,85,93,9.6,VN,1677998080
vostok,46.4856,135.8833,33.64,89,6,5.66,RU,1677998081
cockburn town,21.4612,-71.1419,76.96,78,17,16.78,TC,1677998081
menongue,-14.6585,17.691,71.62,71,98,4.23,AO,1677998082
hirson,49.9226,4.0826,40.46,83,100,3.62,FR,1677998084
porto novo,6.4965,2.6036,80.42,78,71,5.84,BJ,1677998085
sihor,21.7,71.9667,85.06,16,57,10.04,IN,1677998085
voh,-20.9667,164.7,78.39,84,29,6.42,NC,1677998086
ruteng,-8.6136,120.4721,69.35,84,95,5.19,ID,1677998086
kihei,20.785,-156.4656,71.83,90,100,9.22,US,1677997957
petropavlovsk-kamchatskiy,53.0452,158.6483,16.39,49,0,8.95,RU,1677997923
saint george,37.1041,-113.5841,48.25,49,0,12.66,US,1677998087
novoseleznevo,55.6821,69.2056,27.9,93,100,13.44,RU,1677998087
rimini,44.0241,12.5186,47.62,71,4,8.99,IT,1677998088
pointe-noire,-4.7761,11.8635,77.07,94,40,2.3,CG,1677998088
pasinler,39.9803,41.6764,38.39,98,100,1.68,TR,1677998089
suntar,62.1444,117.6319,16.47,80,100,12.17,RU,1677998089
marystown,47.1666,-55.1483,16.03,78,55,10.74,CA,1677997906
tahta,26.7693,31.5021,84.92,9,0,11.36,EG,1677998090
praia da vitoria,38.7333,-27.0667,59.25,88,75,17.49,PT,1677998091
chapais,49.7834,-74.8492,11.98,98,100,4.36,CA,1677997968
borda da mata,-22.2742,-46.1653,63.55,95,94,0.63,BR,1677998092
general roca,-39.0333,-67.5833,70.11,38,4,5.1,AR,1677998093
olkhovka,53.2115,60.6069,25.9,91,36,12.53,RU,1677998093
arman,59.7,150.1667,2.01,90,100,5.82,RU,1677998093
mao,39.8885,4.2658,43.36,93,20,4.61,ES,1677998094
yenagoa,4.9247,6.2642,79.18,85,100,0.54,NG,1677998094
two rivers,44.1539,-87.5693,36.09,85,0,9.22,US,1677998095
sawakin,19.1059,37.3321,80.82,76,58,8.05,SD,1677998095
berlevag,70.8578,29.0864,22.95,54,20,13.8,NO,1677998096
paita,-5.0892,-81.1144,76.75,79,100,5.48,PE,1677998096
gimli,50.6336,-96.9907,15.82,92,85,3.44,CA,1677998097
bonthe,7.5264,-12.505,75.34,92,6,3.78,SL,1677998097
itoman,26.1247,127.6694,70.57,47,20,16.11,JP,1677998097
zhanaozen,43.3,52.8,45.0,62,84,5.77,KZ,1677998098
tomaszow mazowiecki,51.5313,20.0086,27.55,11,99,10.11,PL,1677998098
san vicente de chucuri,6.881,-73.4098,70.57,94,100,1.57,CO,1677998099
college,64.8569,-147.8028,1.8,73,40,5.75,US,1677997816
balakhninskiy,58.0106,114.2769,17.96,76,100,15.1,RU,1677998099
odweyne,9.4092,45.064,78.53,42,6,7.96,SO,1677998100
ndioum,16.5129,-14.6471,71.49,16,4,9.95,SN,1677998100
drobak,59.6633,10.6298,28.76,74,6,4.54,NO,1677998101
ambon,-3.6954,128.1814,84.34,70,40,11.5,ID,1677998101
shurugwi,-19.6702,30.0059,65.8,70,96,5.08,ZW,1677998101
luba,3.4568,8.5547,76.89,77,82,1.92,GQ,1677998102
flinders,-34.5833,150.8552,81.25,75,70,14.94,AU,1677998102
ada,43.4166,-116.1262,32.81,90,100,17.27,US,1677998103
itaberai,-16.0203,-49.8103,67.48,83,100,3.33,BR,1677997893
yurga,55.7231,84.8861,24.01,87,100,11.65,RU,1677998104
resistencia,-27.4606,-58.9839,75.25,95,0,1.14,AR,1677998104
ikalamavony,-21.15,46.5833,72.14,85,100,3.36,MG,1677998105
botou,38.0667,116.5667,72.41,10,0,14.38,CN,1677998105
dolinsk,47.35,142.8,37.02,72,1,16.84,RU,1677998106
tulum,20.2167,-87.4667,75.97,81,73,7.49,MX,1677998107
portland,45.5234,-122.6762,39.15,93,100,5.75,US,1677997938
remontnoye,46.5614,43.6501,42.26,87,100,20.31,RU,1677998108
bathsheba,13.2167,-59.5167,77.61,78,40,17.27,BB,1677998108
sundumbili,-29.1337,31.3975,78.04,77,73,9.8,ZA,1677998109
fort nelson,58.8053,-122.7002,-4.41,65,0,5.75,CA,1677998109
podgornoye,51.735,39.1496,28.62,69,75,17.9,RU,1677998110
adelaide,-34.9333,138.6,72.16,75,75,8.05,AU,1677997935
pulgaon,20.7333,78.3333,94.03,14,0,5.73,IN,1677998111
wagar,16.1525,36.2032,86.85,50,0,9.89,SD,1677998111
pangai,-19.8,-174.35,84.31,74,40,13.8,TO,1677998112
brufut,13.3814,-16.7518,68.09,88,0,4.61,GM,1677998112
tandil,-37.3217,-59.1332,53.56,96,2,5.41,AR,1677998113
waipawa,-41.4122,175.5153,54.07,83,100,8.72,NZ,1677998113
izyaslav,50.1195,26.8213,29.03,53,10,13.56,UA,1677998114
saint-pierre,-21.3393,55.4781,82.18,78,0,5.75,RE,1677998115
kidal,18.4411,1.4078,76.19,11,99,5.95,ML,1677998115
hambantota,6.1241,81.1185,84.54,70,40,11.5,LK,1677998116
margate,51.3813,1.3862,39.9,81,100,4.0,GB,1677998116
terrace,54.5163,-128.6035,31.91,64,20,12.66,CA,1677998117
lovozero,68.005,35.0117,9.82,90,100,3.83,RU,1677998117
makurdi,7.7411,8.5121,83.23,62,97,4.79,NG,1677998118
puerto quijarro,-17.7833,-57.7667,74.89,78,15,1.07,BO,1677998119
ondangwa,-17.9167,15.95,73.69,28,0,8.88,NA,1677998120
necochea,-38.5473,-58.7368,54.82,85,0,9.08,AR,1677998009
kropotkin,45.4375,40.5756,46.49,84,99,18.88,RU,1677998121
kavaratti,10.5669,72.642,82.49,59,0,4.21,IN,1677998121
yauya,-8.9833,-77.3,49.73,87,100,3.62,PE,1677998122
tessalit,20.1986,1.0114,71.28,11,100,7.7,ML,1677998122
shimoda,34.6667,138.95,48.56,90,100,13.22,JP,1677998123
makakilo city,21.3469,-158.0858,71.92,77,20,8.05,US,1677998124
suluktu,39.9337,69.57,49.48,36,100,4.18,KG,1677998124
morant bay,17.8815,-76.4093,78.42,77,19,10.07,JM,1677998125
severnyy,50.677,36.5532,28.44,68,0,18.01,RU,1677998125
buin,-33.7333,-70.75,79.12,35,0,3.06,CL,1677998043
san nicola,40.6116,8.991,46.45,90,99,4.97,IT,1677998126
camana,-16.6228,-72.7111,72.82,85,100,3.71,PE,1677998127
ust-tsilma,65.441,52.1498,2.44,98,100,2.24,RU,1677998127
batavia,41.85,-88.3126,36.91,90,0,6.91,US,1677998128
ambunti,-4.2365,142.8448,86.41,69,98,3.38,PG,1677998129
barcelos,41.5388,-8.6151,50.14,91,100,8.32,PT,1677997944
copiapo,-27.3667,-70.3333,60.49,69,82,1.01,CL,1677998130
touros,-5.1989,-35.4608,78.24,82,100,11.63,BR,1677998131
ko samui,9.5357,99.9357,85.91,62,20,9.22,TH,1677997950
antsohihy,-14.8796,47.9875,83.93,74,99,6.13,MG,1677998132
sao joao da barra,-21.6403,-41.0511,73.67,87,100,11.32,BR,1677998132
buala,-8.145,159.5921,80.24,80,100,9.62,SB,1677998133
istanbul,41.0351,28.9833,49.42,93,75,4.61,TR,1677998103
otradnoye,59.7775,30.8181,28.96,94,100,1.95,RU,1677998134
nara,34.6851,135.8049,58.96,32,6,4.45,JP,1677998134
beaverlodge,55.2166,-119.4361,0.75,96,100,6.8,CA,1677998135
biu,10.6129,12.1946,83.44,14,90,8.55,NG,1677998135
akhtanizovskaya,45.32,37.1,48.67,81,36,20.83,RU,1677998136
mareeba,-17.0,145.4333,76.44,88,100,6.73,AU,1677998137
manakara,-22.1333,48.0167,77.83,87,100,5.86,MG,1677998137
sulangan,11.1373,123.7228,79.68,77,99,21.27,PH,1677998138
praia,14.9215,-23.5087,70.34,56,0,16.11,CV,1677998139
tsalka,41.5946,44.0891,35.04,99,100,3.44,GE,1677998140
kieta,-6.2167,155.6333,81.16,83,97,5.7,PG,1677998140
ola,59.5833,151.2833,2.14,94,100,6.44,RU,1677998141
thinadhoo,0.5333,72.9333,81.66,71,0,2.71,MV,1677998141
antalaha,-14.9003,50.2788,85.77,63,98,4.09,MG,1677998142
batsfjord,70.6345,29.7185,22.93,68,100,9.22,NO,1677998143
bedesa,8.9,40.7833,71.94,34,98,10.38,ET,1677998144
san marcos,33.1434,-117.1661,52.63,78,100,5.75,US,1677998024
faya,18.3851,42.4509,64.92,26,0,4.65,SA,1677998145
kefamenanu,-9.4467,124.4781,80.42,75,78,3.33,ID,1677998146
